path,authority_layer,category,immutability,interpretation
.gitignore,PERPETUAL_LEGACY_SEED_STANDARD,implementation-source,sealed/immutable,Original seed/canon/SSOT/specification/source/evidence; authoritative for its recorded scope and time; never rewrite in place.
00_V001_START_HERE.md,V001_FORWARD,v001-forward-root,forward/change-controlled,Current v.001-and-later routing/status/governance artifact; may be superseded only by an explicit successor while retained as history.
EXPERT_SESSION_BOOT_PROMPT.md,PERPETUAL_LEGACY_SEED_STANDARD,seed-current-truth-predecessor,sealed/immutable,Original seed/canon/SSOT/specification/source/evidence; authoritative for its recorded scope and time; never rewrite in place.
README.md,V001_FORWARD,v001-forward-root,forward/change-controlled,Owner-promoted forward project/ecosystem entrypoint as of 2026-10-01 10:10 EDT; prior bytes preserved in reference/canon/V001_ROOT_README_PRE_PROMOTION_2026-10-01.md.
SEED_MANIFEST.json,PERPETUAL_LEGACY_SEED_STANDARD,seed-current-truth-predecessor,sealed/immutable,Original seed/canon/SSOT/specification/source/evidence; authoritative for its recorded scope and time; never rewrite in place.
SHA256SUMS.txt,PERPETUAL_LEGACY_SEED_STANDARD,predecessor-artifact,sealed/immutable,Original seed/canon/SSOT/specification/source/evidence; authoritative for its recorded scope and time; never rewrite in place.
V001_EXPERT_SESSION_BOOT_PROMPT.md,V001_FORWARD,v001-forward-root,forward/change-controlled,Current v.001-and-later routing/status/governance artifact; may be superseded only by an explicit successor while retained as history.
V001_INSTANTIATION_MANIFEST.json,V001_FORWARD,v001-forward-root,forward/change-controlled,Current v.001-and-later routing/status/governance artifact; may be superseded only by an explicit successor while retained as history.
V001_SHA256SUMS.txt,V001_FORWARD,v001-forward-root,forward/change-controlled,Current v.001-and-later routing/status/governance artifact; may be superseded only by an explicit successor while retained as history.
docs/ARCHITECTURE.md,PERPETUAL_LEGACY_SEED_STANDARD,predecessor-artifact,sealed/immutable,Original seed/canon/SSOT/specification/source/evidence; authoritative for its recorded scope and time; never rewrite in place.
docs/CONCERN_DISPOSITION.md,PERPETUAL_LEGACY_SEED_STANDARD,predecessor-artifact,sealed/immutable,Original seed/canon/SSOT/specification/source/evidence; authoritative for its recorded scope and time; never rewrite in place.
docs/FEATURE_PARITY.md,PERPETUAL_LEGACY_SEED_STANDARD,predecessor-artifact,sealed/immutable,Original seed/canon/SSOT/specification/source/evidence; authoritative for its recorded scope and time; never rewrite in place.
docs/SCHEMAS.md,PERPETUAL_LEGACY_SEED_STANDARD,predecessor-artifact,sealed/immutable,Original seed/canon/SSOT/specification/source/evidence; authoritative for its recorded scope and time; never rewrite in place.
docs/SEED_00_CURRENT_TRUTH_AND_AUTHORITY.md,PERPETUAL_LEGACY_SEED_STANDARD,seed-current-truth-predecessor,sealed/immutable,Original seed/canon/SSOT/specification/source/evidence; authoritative for its recorded scope and time; never rewrite in place.
docs/SEED_01_REPOSITORY_INDEX.md,PERPETUAL_LEGACY_SEED_STANDARD,seed-current-truth-predecessor,sealed/immutable,Original seed/canon/SSOT/specification/source/evidence; authoritative for its recorded scope and time; never rewrite in place.
docs/SEED_02_FILE_INVENTORY.md,PERPETUAL_LEGACY_SEED_STANDARD,seed-current-truth-predecessor,sealed/immutable,Original seed/canon/SSOT/specification/source/evidence; authoritative for its recorded scope and time; never rewrite in place.
docs/SEED_03_CURRENT_IMPLEMENTATION_COMPONENTS.md,PERPETUAL_LEGACY_SEED_STANDARD,seed-current-truth-predecessor,sealed/immutable,Original seed/canon/SSOT/specification/source/evidence; authoritative for its recorded scope and time; never rewrite in place.
docs/SEED_04_PORTASHAPE_TARGET_ARCHITECTURE.md,PERPETUAL_LEGACY_SEED_STANDARD,seed-current-truth-predecessor,sealed/immutable,Original seed/canon/SSOT/specification/source/evidence; authoritative for its recorded scope and time; never rewrite in place.
docs/SEED_05_CONTRACT_AND_OPERATION_INDEX.md,PERPETUAL_LEGACY_SEED_STANDARD,seed-current-truth-predecessor,sealed/immutable,Original seed/canon/SSOT/specification/source/evidence; authoritative for its recorded scope and time; never rewrite in place.
docs/SEED_06_DATA_WORKFLOWS_AND_SEAMS.md,PERPETUAL_LEGACY_SEED_STANDARD,seed-current-truth-predecessor,sealed/immutable,Original seed/canon/SSOT/specification/source/evidence; authoritative for its recorded scope and time; never rewrite in place.
docs/SEED_07_VERIFICATION_AND_DEVELOPMENT_STATUS.md,PERPETUAL_LEGACY_SEED_STANDARD,seed-current-truth-predecessor,sealed/immutable,Original seed/canon/SSOT/specification/source/evidence; authoritative for its recorded scope and time; never rewrite in place.
docs/SEED_08_CONCERN_STATUS_CROSSWALK.md,PERPETUAL_LEGACY_SEED_STANDARD,seed-current-truth-predecessor,sealed/immutable,Original seed/canon/SSOT/specification/source/evidence; authoritative for its recorded scope and time; never rewrite in place.
docs/SEED_09_BUILD_FORWARD_SEQUENCE.md,PERPETUAL_LEGACY_SEED_STANDARD,seed-current-truth-predecessor,sealed/immutable,Original seed/canon/SSOT/specification/source/evidence; authoritative for its recorded scope and time; never rewrite in place.
docs/SOURCE_BASELINE.json,PERPETUAL_LEGACY_SEED_STANDARD,predecessor-artifact,sealed/immutable,Original seed/canon/SSOT/specification/source/evidence; authoritative for its recorded scope and time; never rewrite in place.
docs/UPGRADE_AND_RECOVERY.md,PERPETUAL_LEGACY_SEED_STANDARD,predecessor-artifact,sealed/immutable,Original seed/canon/SSOT/specification/source/evidence; authoritative for its recorded scope and time; never rewrite in place.
docs/VERIFICATION.md,PERPETUAL_LEGACY_SEED_STANDARD,predecessor-artifact,sealed/immutable,Original seed/canon/SSOT/specification/source/evidence; authoritative for its recorded scope and time; never rewrite in place.
docs/evidence/static-checks.json,PERPETUAL_LEGACY_SEED_STANDARD,verification-test-evidence,sealed/immutable,Original seed/canon/SSOT/specification/source/evidence; authoritative for its recorded scope and time; never rewrite in place.
docs/evidence/test-results.txt,PERPETUAL_LEGACY_SEED_STANDARD,verification-test-evidence,sealed/immutable,Original seed/canon/SSOT/specification/source/evidence; authoritative for its recorded scope and time; never rewrite in place.
docs/inventory/COMPONENTS.csv,PERPETUAL_LEGACY_SEED_STANDARD,predecessor-artifact,sealed/immutable,Original seed/canon/SSOT/specification/source/evidence; authoritative for its recorded scope and time; never rewrite in place.
docs/inventory/FILES.csv,PERPETUAL_LEGACY_SEED_STANDARD,predecessor-artifact,sealed/immutable,Original seed/canon/SSOT/specification/source/evidence; authoritative for its recorded scope and time; never rewrite in place.
docs/v001/00_AUTHORITY_AND_INSTANTIATION.md,V001_FORWARD,v001-forward-ssot,forward/change-controlled,Current v.001-and-later routing/status/governance artifact; may be superseded only by an explicit successor while retained as history.
docs/v001/01_CURRENT_STATUS_2026-10-01T090653-0400.md,V001_FORWARD,v001-forward-ssot,forward/change-controlled,Current v.001-and-later routing/status/governance artifact; may be superseded only by an explicit successor while retained as history.
docs/v001/02_ARCHITECTURE_WIRING_HARNESS_COMPONENT_MAP.md,V001_FORWARD,v001-forward-ssot,forward/change-controlled,Current v.001-and-later routing/status/governance artifact; may be superseded only by an explicit successor while retained as history.
docs/v001/03_PRODUCT_ETHOS_PURPOSE_AND_LONG_HORIZON.md,V001_FORWARD,v001-forward-ssot,forward/change-controlled,Current v.001-and-later routing/status/governance artifact; may be superseded only by an explicit successor while retained as history.
docs/v001/04_CHANGE_CONTROL_VERSIONING_AND_FIDELITY.md,V001_FORWARD,v001-forward-ssot,forward/change-controlled,Current v.001-and-later routing/status/governance artifact; may be superseded only by an explicit successor while retained as history.
docs/v001/05_ECOSYSTEM_EXTENSIBILITY_AND_COMMUNITY_GUARDRAILS.md,V001_FORWARD,v001-forward-ssot,forward/change-controlled,Current v.001-and-later routing/status/governance artifact; may be superseded only by an explicit successor while retained as history.
docs/v001/06_VERIFICATION_SECURITY_SCALE_AND_RELEASE_GATES.md,V001_FORWARD,v001-forward-ssot,forward/change-controlled,Current v.001-and-later routing/status/governance artifact; may be superseded only by an explicit successor while retained as history.
docs/v001/07_PROVENANCE_AND_HOW_WE_GOT_HERE.md,V001_FORWARD,v001-forward-ssot,forward/change-controlled,Current v.001-and-later routing/status/governance artifact; may be superseded only by an explicit successor while retained as history.
docs/v001/08_RESET_RECOVERY_AND_BASELINE_COMPARISON.md,V001_FORWARD,v001-forward-ssot,forward/change-controlled,Current v.001-and-later routing/status/governance artifact; may be superseded only by an explicit successor while retained as history.
docs/v001/09_SESSION_ENDING_LOG_2026-10-01.md,V001_FORWARD,v001-forward-ssot,forward/change-controlled,Current v.001-and-later routing/status/governance artifact; may be superseded only by an explicit successor while retained as history.
docs/v001/10_FOUNDATIONAL_DECISIONS_AND_OPEN_BOUNDARIES.md,V001_FORWARD,v001-forward-ssot,forward/change-controlled,Current v.001-and-later routing/status/governance artifact; may be superseded only by an explicit successor while retained as history.
docs/v001/V001_FILE_AUTHORITY_INDEX.csv,V001_FORWARD,v001-forward-ssot,forward/change-controlled,Current v.001-and-later routing/status/governance artifact; may be superseded only by an explicit successor while retained as history.
docs/v001/V001_LEGACY_BASELINE_MANIFEST.json,V001_FORWARD,v001-forward-ssot,forward/change-controlled,Current v.001-and-later routing/status/governance artifact; may be superseded only by an explicit successor while retained as history.
docs/v001/V001_LEGACY_SEED_SHA256SUMS.txt,V001_FORWARD,v001-forward-ssot,forward/change-controlled,Current v.001-and-later routing/status/governance artifact; may be superseded only by an explicit successor while retained as history.
ext/INSTALL.txt,PERPETUAL_LEGACY_SEED_STANDARD,implementation-source,sealed/immutable,Original seed/canon/SSOT/specification/source/evidence; authoritative for its recorded scope and time; never rewrite in place.
ext/content/page-ui.js,PERPETUAL_LEGACY_SEED_STANDARD,implementation-source,sealed/immutable,Original seed/canon/SSOT/specification/source/evidence; authoritative for its recorded scope and time; never rewrite in place.
ext/content/youtube.js,PERPETUAL_LEGACY_SEED_STANDARD,implementation-source,sealed/immutable,Original seed/canon/SSOT/specification/source/evidence; authoritative for its recorded scope and time; never rewrite in place.
ext/core/anchors.js,PERPETUAL_LEGACY_SEED_STANDARD,implementation-source,sealed/immutable,Original seed/canon/SSOT/specification/source/evidence; authoritative for its recorded scope and time; never rewrite in place.
ext/core/api.js,PERPETUAL_LEGACY_SEED_STANDARD,implementation-source,sealed/immutable,Original seed/canon/SSOT/specification/source/evidence; authoritative for its recorded scope and time; never rewrite in place.
ext/core/capture.js,PERPETUAL_LEGACY_SEED_STANDARD,implementation-source,sealed/immutable,Original seed/canon/SSOT/specification/source/evidence; authoritative for its recorded scope and time; never rewrite in place.
ext/core/db.js,PERPETUAL_LEGACY_SEED_STANDARD,implementation-source,sealed/immutable,Original seed/canon/SSOT/specification/source/evidence; authoritative for its recorded scope and time; never rewrite in place.
ext/core/records.js,PERPETUAL_LEGACY_SEED_STANDARD,implementation-source,sealed/immutable,Original seed/canon/SSOT/specification/source/evidence; authoritative for its recorded scope and time; never rewrite in place.
ext/core/schemas.js,PERPETUAL_LEGACY_SEED_STANDARD,implementation-source,sealed/immutable,Original seed/canon/SSOT/specification/source/evidence; authoritative for its recorded scope and time; never rewrite in place.
ext/manifest.json,PERPETUAL_LEGACY_SEED_STANDARD,implementation-source,sealed/immutable,Original seed/canon/SSOT/specification/source/evidence; authoritative for its recorded scope and time; never rewrite in place.
ext/service-worker.js,PERPETUAL_LEGACY_SEED_STANDARD,implementation-source,sealed/immutable,Original seed/canon/SSOT/specification/source/evidence; authoritative for its recorded scope and time; never rewrite in place.
ext/sidepanel/app.js,PERPETUAL_LEGACY_SEED_STANDARD,implementation-source,sealed/immutable,Original seed/canon/SSOT/specification/source/evidence; authoritative for its recorded scope and time; never rewrite in place.
ext/sidepanel/index.html,PERPETUAL_LEGACY_SEED_STANDARD,implementation-source,sealed/immutable,Original seed/canon/SSOT/specification/source/evidence; authoritative for its recorded scope and time; never rewrite in place.
ext/sidepanel/style.css,PERPETUAL_LEGACY_SEED_STANDARD,implementation-source,sealed/immutable,Original seed/canon/SSOT/specification/source/evidence; authoritative for its recorded scope and time; never rewrite in place.
package-lock.json,PERPETUAL_LEGACY_SEED_STANDARD,implementation-source,sealed/immutable,Original seed/canon/SSOT/specification/source/evidence; authoritative for its recorded scope and time; never rewrite in place.
package.json,PERPETUAL_LEGACY_SEED_STANDARD,implementation-source,sealed/immutable,Original seed/canon/SSOT/specification/source/evidence; authoritative for its recorded scope and time; never rewrite in place.
reference/00_V001_REFERENCE_AUTHORITY.md,V001_FORWARD,v001-reference-handoff,forward/change-controlled,Current v.001-and-later routing/status/governance artifact; may be superseded only by an explicit successor while retained as history.
reference/canon/V001_CANON_HANDOFF_AND_PERPETUAL_LEGACY_STATUS.md,V001_FORWARD,v001-reference-handoff,forward/change-controlled,Current v.001-and-later routing/status/governance artifact; may be superseded only by an explicit successor while retained as history.
reference/canon/V001_ROOT_README_PRE_PROMOTION_2026-10-01.md,PERPETUAL_LEGACY_SEED_STANDARD,preserved-root-readme,sealed/immutable,Verbatim preservation of the root README as it existed at the original v.001 seal before owner-authorized root README promotion.
reference/canon/XtraType_Canon_v1.0_candidate/00_START_HERE.md,PERPETUAL_LEGACY_SEED_STANDARD,historical-canon,sealed/immutable,Original seed/canon/SSOT/specification/source/evidence; authoritative for its recorded scope and time; never rewrite in place.
reference/canon/XtraType_Canon_v1.0_candidate/01_AUTHORITY_AND_DECISIONS.md,PERPETUAL_LEGACY_SEED_STANDARD,historical-canon,sealed/immutable,Original seed/canon/SSOT/specification/source/evidence; authoritative for its recorded scope and time; never rewrite in place.
reference/canon/XtraType_Canon_v1.0_candidate/02_PRODUCT_AND_STATUS.md,PERPETUAL_LEGACY_SEED_STANDARD,historical-canon,sealed/immutable,Original seed/canon/SSOT/specification/source/evidence; authoritative for its recorded scope and time; never rewrite in place.
reference/canon/XtraType_Canon_v1.0_candidate/03_ARCHITECTURE_AND_SEAMS.md,PERPETUAL_LEGACY_SEED_STANDARD,historical-canon,sealed/immutable,Original seed/canon/SSOT/specification/source/evidence; authoritative for its recorded scope and time; never rewrite in place.
reference/canon/XtraType_Canon_v1.0_candidate/04_RECORD_CONTRACTS.md,PERPETUAL_LEGACY_SEED_STANDARD,historical-canon,sealed/immutable,Original seed/canon/SSOT/specification/source/evidence; authoritative for its recorded scope and time; never rewrite in place.
reference/canon/XtraType_Canon_v1.0_candidate/05_ANCHORS_AND_RESOLUTION.md,PERPETUAL_LEGACY_SEED_STANDARD,historical-canon,sealed/immutable,Original seed/canon/SSOT/specification/source/evidence; authoritative for its recorded scope and time; never rewrite in place.
reference/canon/XtraType_Canon_v1.0_candidate/06_SCHEMA_SYSTEM.md,PERPETUAL_LEGACY_SEED_STANDARD,historical-canon,sealed/immutable,Original seed/canon/SSOT/specification/source/evidence; authoritative for its recorded scope and time; never rewrite in place.
reference/canon/XtraType_Canon_v1.0_candidate/07_EXTENSION_SURFACES.md,PERPETUAL_LEGACY_SEED_STANDARD,historical-canon,sealed/immutable,Original seed/canon/SSOT/specification/source/evidence; authoritative for its recorded scope and time; never rewrite in place.
reference/canon/XtraType_Canon_v1.0_candidate/08_WORKFLOWS_AND_MESSAGES.md,PERPETUAL_LEGACY_SEED_STANDARD,historical-canon,sealed/immutable,Original seed/canon/SSOT/specification/source/evidence; authoritative for its recorded scope and time; never rewrite in place.
reference/canon/XtraType_Canon_v1.0_candidate/09_HTTP_AND_SERVER.md,PERPETUAL_LEGACY_SEED_STANDARD,historical-canon,sealed/immutable,Original seed/canon/SSOT/specification/source/evidence; authoritative for its recorded scope and time; never rewrite in place.
reference/canon/XtraType_Canon_v1.0_candidate/10_STORAGE_AND_SYNC.md,PERPETUAL_LEGACY_SEED_STANDARD,historical-canon,sealed/immutable,Original seed/canon/SSOT/specification/source/evidence; authoritative for its recorded scope and time; never rewrite in place.
reference/canon/XtraType_Canon_v1.0_candidate/11_CAPTURE_AND_COMPARISON.md,PERPETUAL_LEGACY_SEED_STANDARD,historical-canon,sealed/immutable,Original seed/canon/SSOT/specification/source/evidence; authoritative for its recorded scope and time; never rewrite in place.
reference/canon/XtraType_Canon_v1.0_candidate/12_WEB_COMPANION.md,PERPETUAL_LEGACY_SEED_STANDARD,historical-canon,sealed/immutable,Original seed/canon/SSOT/specification/source/evidence; authoritative for its recorded scope and time; never rewrite in place.
reference/canon/XtraType_Canon_v1.0_candidate/13_SECURITY_AND_OPERATIONS.md,PERPETUAL_LEGACY_SEED_STANDARD,historical-canon,sealed/immutable,Original seed/canon/SSOT/specification/source/evidence; authoritative for its recorded scope and time; never rewrite in place.
reference/canon/XtraType_Canon_v1.0_candidate/14_CONCERN_REGISTER.md,PERPETUAL_LEGACY_SEED_STANDARD,historical-canon,sealed/immutable,Original seed/canon/SSOT/specification/source/evidence; authoritative for its recorded scope and time; never rewrite in place.
reference/canon/XtraType_Canon_v1.0_candidate/15_CHANGE_SPECIFICATIONS.md,PERPETUAL_LEGACY_SEED_STANDARD,historical-canon,sealed/immutable,Original seed/canon/SSOT/specification/source/evidence; authoritative for its recorded scope and time; never rewrite in place.
reference/canon/XtraType_Canon_v1.0_candidate/16_EXPANSION_AND_USERSCRIPTS.md,PERPETUAL_LEGACY_SEED_STANDARD,historical-canon,sealed/immutable,Original seed/canon/SSOT/specification/source/evidence; authoritative for its recorded scope and time; never rewrite in place.
reference/canon/XtraType_Canon_v1.0_candidate/17_VERIFICATION_AND_APPROVAL.md,PERPETUAL_LEGACY_SEED_STANDARD,historical-canon,sealed/immutable,Original seed/canon/SSOT/specification/source/evidence; authoritative for its recorded scope and time; never rewrite in place.
reference/canon/XtraType_Canon_v1.0_candidate/18_SOURCE_INVENTORY.md,PERPETUAL_LEGACY_SEED_STANDARD,historical-canon,sealed/immutable,Original seed/canon/SSOT/specification/source/evidence; authoritative for its recorded scope and time; never rewrite in place.
reference/canon/XtraType_Canon_v1.0_candidate/19_SYMBOL_REFERENCE.md,PERPETUAL_LEGACY_SEED_STANDARD,historical-canon,sealed/immutable,Original seed/canon/SSOT/specification/source/evidence; authoritative for its recorded scope and time; never rewrite in place.
reference/canon/XtraType_Canon_v1.0_candidate/20_PROVENANCE_AND_CORRECTIONS.md,PERPETUAL_LEGACY_SEED_STANDARD,historical-canon,sealed/immutable,Original seed/canon/SSOT/specification/source/evidence; authoritative for its recorded scope and time; never rewrite in place.
reference/canon/XtraType_Canon_v1.0_candidate/SHA256SUMS.txt,PERPETUAL_LEGACY_SEED_STANDARD,historical-canon,sealed/immutable,Original seed/canon/SSOT/specification/source/evidence; authoritative for its recorded scope and time; never rewrite in place.
reference/canon/XtraType_Canon_v1.0_candidate/XtraType_Canon_Reading_Edition.md,PERPETUAL_LEGACY_SEED_STANDARD,historical-canon,sealed/immutable,Original seed/canon/SSOT/specification/source/evidence; authoritative for its recorded scope and time; never rewrite in place.
reference/canon/XtraType_Canon_v1.0_candidate/evidence/baseline/README.md,PERPETUAL_LEGACY_SEED_STANDARD,historical-canon,sealed/immutable,Original seed/canon/SSOT/specification/source/evidence; authoritative for its recorded scope and time; never rewrite in place.
reference/canon/XtraType_Canon_v1.0_candidate/evidence/baseline/docs/ARCHITECTURE.md,PERPETUAL_LEGACY_SEED_STANDARD,historical-canon,sealed/immutable,Original seed/canon/SSOT/specification/source/evidence; authoritative for its recorded scope and time; never rewrite in place.
reference/canon/XtraType_Canon_v1.0_candidate/evidence/baseline/docs/SCHEMAS.md,PERPETUAL_LEGACY_SEED_STANDARD,historical-canon,sealed/immutable,Original seed/canon/SSOT/specification/source/evidence; authoritative for its recorded scope and time; never rewrite in place.
reference/canon/XtraType_Canon_v1.0_candidate/evidence/baseline/ext/INSTALL.txt,PERPETUAL_LEGACY_SEED_STANDARD,historical-canon,sealed/immutable,Original seed/canon/SSOT/specification/source/evidence; authoritative for its recorded scope and time; never rewrite in place.
reference/canon/XtraType_Canon_v1.0_candidate/evidence/baseline/ext/content/page-ui.js,PERPETUAL_LEGACY_SEED_STANDARD,historical-canon,sealed/immutable,Original seed/canon/SSOT/specification/source/evidence; authoritative for its recorded scope and time; never rewrite in place.
reference/canon/XtraType_Canon_v1.0_candidate/evidence/baseline/ext/content/youtube.js,PERPETUAL_LEGACY_SEED_STANDARD,historical-canon,sealed/immutable,Original seed/canon/SSOT/specification/source/evidence; authoritative for its recorded scope and time; never rewrite in place.
reference/canon/XtraType_Canon_v1.0_candidate/evidence/baseline/ext/core/anchors.js,PERPETUAL_LEGACY_SEED_STANDARD,historical-canon,sealed/immutable,Original seed/canon/SSOT/specification/source/evidence; authoritative for its recorded scope and time; never rewrite in place.
reference/canon/XtraType_Canon_v1.0_candidate/evidence/baseline/ext/core/api.js,PERPETUAL_LEGACY_SEED_STANDARD,historical-canon,sealed/immutable,Original seed/canon/SSOT/specification/source/evidence; authoritative for its recorded scope and time; never rewrite in place.
reference/canon/XtraType_Canon_v1.0_candidate/evidence/baseline/ext/core/db.js,PERPETUAL_LEGACY_SEED_STANDARD,historical-canon,sealed/immutable,Original seed/canon/SSOT/specification/source/evidence; authoritative for its recorded scope and time; never rewrite in place.
reference/canon/XtraType_Canon_v1.0_candidate/evidence/baseline/ext/core/schemas.js,PERPETUAL_LEGACY_SEED_STANDARD,historical-canon,sealed/immutable,Original seed/canon/SSOT/specification/source/evidence; authoritative for its recorded scope and time; never rewrite in place.
reference/canon/XtraType_Canon_v1.0_candidate/evidence/baseline/ext/manifest.json,PERPETUAL_LEGACY_SEED_STANDARD,historical-canon,sealed/immutable,Original seed/canon/SSOT/specification/source/evidence; authoritative for its recorded scope and time; never rewrite in place.
reference/canon/XtraType_Canon_v1.0_candidate/evidence/baseline/ext/service-worker.js,PERPETUAL_LEGACY_SEED_STANDARD,historical-canon,sealed/immutable,Original seed/canon/SSOT/specification/source/evidence; authoritative for its recorded scope and time; never rewrite in place.
reference/canon/XtraType_Canon_v1.0_candidate/evidence/baseline/ext/sidepanel/app.js,PERPETUAL_LEGACY_SEED_STANDARD,historical-canon,sealed/immutable,Original seed/canon/SSOT/specification/source/evidence; authoritative for its recorded scope and time; never rewrite in place.
reference/canon/XtraType_Canon_v1.0_candidate/evidence/baseline/ext/sidepanel/index.html,PERPETUAL_LEGACY_SEED_STANDARD,historical-canon,sealed/immutable,Original seed/canon/SSOT/specification/source/evidence; authoritative for its recorded scope and time; never rewrite in place.
reference/canon/XtraType_Canon_v1.0_candidate/evidence/baseline/ext/sidepanel/style.css,PERPETUAL_LEGACY_SEED_STANDARD,historical-canon,sealed/immutable,Original seed/canon/SSOT/specification/source/evidence; authoritative for its recorded scope and time; never rewrite in place.
reference/canon/XtraType_Canon_v1.0_candidate/evidence/baseline/server/api/annotations.php,PERPETUAL_LEGACY_SEED_STANDARD,historical-canon,sealed/immutable,Original seed/canon/SSOT/specification/source/evidence; authoritative for its recorded scope and time; never rewrite in place.
reference/canon/XtraType_Canon_v1.0_candidate/evidence/baseline/server/api/bootstrap.php,PERPETUAL_LEGACY_SEED_STANDARD,historical-canon,sealed/immutable,Original seed/canon/SSOT/specification/source/evidence; authoritative for its recorded scope and time; never rewrite in place.
reference/canon/XtraType_Canon_v1.0_candidate/evidence/baseline/server/api/events.php,PERPETUAL_LEGACY_SEED_STANDARD,historical-canon,sealed/immutable,Original seed/canon/SSOT/specification/source/evidence; authoritative for its recorded scope and time; never rewrite in place.
reference/canon/XtraType_Canon_v1.0_candidate/evidence/baseline/server/api/health.php,PERPETUAL_LEGACY_SEED_STANDARD,historical-canon,sealed/immutable,Original seed/canon/SSOT/specification/source/evidence; authoritative for its recorded scope and time; never rewrite in place.
reference/canon/XtraType_Canon_v1.0_candidate/evidence/baseline/server/api/schemas.php,PERPETUAL_LEGACY_SEED_STANDARD,historical-canon,sealed/immutable,Original seed/canon/SSOT/specification/source/evidence; authoritative for its recorded scope and time; never rewrite in place.
reference/canon/XtraType_Canon_v1.0_candidate/evidence/baseline/server/api/snapshots.php,PERPETUAL_LEGACY_SEED_STANDARD,historical-canon,sealed/immutable,Original seed/canon/SSOT/specification/source/evidence; authoritative for its recorded scope and time; never rewrite in place.
reference/canon/XtraType_Canon_v1.0_candidate/evidence/baseline/server/assets/app.js,PERPETUAL_LEGACY_SEED_STANDARD,historical-canon,sealed/immutable,Original seed/canon/SSOT/specification/source/evidence; authoritative for its recorded scope and time; never rewrite in place.
reference/canon/XtraType_Canon_v1.0_candidate/evidence/baseline/server/assets/style.css,PERPETUAL_LEGACY_SEED_STANDARD,historical-canon,sealed/immutable,Original seed/canon/SSOT/specification/source/evidence; authoritative for its recorded scope and time; never rewrite in place.
reference/canon/XtraType_Canon_v1.0_candidate/evidence/baseline/server/config.php,PERPETUAL_LEGACY_SEED_STANDARD,historical-canon,sealed/immutable,Original seed/canon/SSOT/specification/source/evidence; authoritative for its recorded scope and time; never rewrite in place.
reference/canon/XtraType_Canon_v1.0_candidate/evidence/baseline/server/data/annotations.json,PERPETUAL_LEGACY_SEED_STANDARD,historical-canon,sealed/immutable,Original seed/canon/SSOT/specification/source/evidence; authoritative for its recorded scope and time; never rewrite in place.
reference/canon/XtraType_Canon_v1.0_candidate/evidence/baseline/server/data/events.json,PERPETUAL_LEGACY_SEED_STANDARD,historical-canon,sealed/immutable,Original seed/canon/SSOT/specification/source/evidence; authoritative for its recorded scope and time; never rewrite in place.
reference/canon/XtraType_Canon_v1.0_candidate/evidence/baseline/server/data/schemas.json,PERPETUAL_LEGACY_SEED_STANDARD,historical-canon,sealed/immutable,Original seed/canon/SSOT/specification/source/evidence; authoritative for its recorded scope and time; never rewrite in place.
reference/canon/XtraType_Canon_v1.0_candidate/evidence/baseline/server/data/snapshots.json,PERPETUAL_LEGACY_SEED_STANDARD,historical-canon,sealed/immutable,Original seed/canon/SSOT/specification/source/evidence; authoritative for its recorded scope and time; never rewrite in place.
reference/canon/XtraType_Canon_v1.0_candidate/evidence/baseline/server/index.php,PERPETUAL_LEGACY_SEED_STANDARD,historical-canon,sealed/immutable,Original seed/canon/SSOT/specification/source/evidence; authoritative for its recorded scope and time; never rewrite in place.
reference/canon/XtraType_Canon_v1.0_candidate/evidence/baseline/server/media/.gitkeep,PERPETUAL_LEGACY_SEED_STANDARD,historical-canon,sealed/immutable,Original seed/canon/SSOT/specification/source/evidence; authoritative for its recorded scope and time; never rewrite in place.
reference/canon/XtraType_Canon_v1.0_candidate/evidence/baseline/server/schemas/example-book-anchor.schema.json,PERPETUAL_LEGACY_SEED_STANDARD,historical-canon,sealed/immutable,Original seed/canon/SSOT/specification/source/evidence; authoritative for its recorded scope and time; never rewrite in place.
reference/canon/XtraType_Canon_v1.0_candidate/evidence/baseline/server/schemas/gps-anchor.schema.json,PERPETUAL_LEGACY_SEED_STANDARD,historical-canon,sealed/immutable,Original seed/canon/SSOT/specification/source/evidence; authoritative for its recorded scope and time; never rewrite in place.
reference/canon/XtraType_Canon_v1.0_candidate/evidence/baseline/server/schemas/url-anchor.schema.json,PERPETUAL_LEGACY_SEED_STANDARD,historical-canon,sealed/immutable,Original seed/canon/SSOT/specification/source/evidence; authoritative for its recorded scope and time; never rewrite in place.
reference/canon/XtraType_Canon_v1.0_candidate/evidence/baseline/server/schemas/youtube-anchor.schema.json,PERPETUAL_LEGACY_SEED_STANDARD,historical-canon,sealed/immutable,Original seed/canon/SSOT/specification/source/evidence; authoritative for its recorded scope and time; never rewrite in place.
reference/canon/XtraType_Canon_v1.0_candidate/evidence/baseline/start-server.bat,PERPETUAL_LEGACY_SEED_STANDARD,historical-canon,sealed/immutable,Original seed/canon/SSOT/specification/source/evidence; authoritative for its recorded scope and time; never rewrite in place.
reference/canon/XtraType_Canon_v1.0_candidate/evidence/baseline/start-server.sh,PERPETUAL_LEGACY_SEED_STANDARD,historical-canon,sealed/immutable,Original seed/canon/SSOT/specification/source/evidence; authoritative for its recorded scope and time; never rewrite in place.
reference/canon/XtraType_Canon_v1.0_candidate/evidence/baseline/tests/README.md,PERPETUAL_LEGACY_SEED_STANDARD,historical-canon,sealed/immutable,Original seed/canon/SSOT/specification/source/evidence; authoritative for its recorded scope and time; never rewrite in place.
reference/canon/XtraType_Canon_v1.0_candidate/evidence/baseline/tests/anchors.mjs,PERPETUAL_LEGACY_SEED_STANDARD,historical-canon,sealed/immutable,Original seed/canon/SSOT/specification/source/evidence; authoritative for its recorded scope and time; never rewrite in place.
reference/canon/XtraType_Canon_v1.0_candidate/evidence/characterize.mjs,PERPETUAL_LEGACY_SEED_STANDARD,historical-canon,sealed/immutable,Original seed/canon/SSOT/specification/source/evidence; authoritative for its recorded scope and time; never rewrite in place.
reference/canon/XtraType_Canon_v1.0_candidate/evidence/concerns.json,PERPETUAL_LEGACY_SEED_STANDARD,historical-canon,sealed/immutable,Original seed/canon/SSOT/specification/source/evidence; authoritative for its recorded scope and time; never rewrite in place.
reference/canon/XtraType_Canon_v1.0_candidate/evidence/legacy-reference.md,PERPETUAL_LEGACY_SEED_STANDARD,historical-canon,sealed/immutable,Original seed/canon/SSOT/specification/source/evidence; authoritative for its recorded scope and time; never rewrite in place.
reference/canon/XtraType_Canon_v1.0_candidate/evidence/legacy-reports/01_XtraType_Full_Feature_Rundown.md,PERPETUAL_LEGACY_SEED_STANDARD,historical-canon,sealed/immutable,Original seed/canon/SSOT/specification/source/evidence; authoritative for its recorded scope and time; never rewrite in place.
reference/canon/XtraType_Canon_v1.0_candidate/evidence/legacy-reports/02_XtraType_Deep_Technical_Snapshot.md,PERPETUAL_LEGACY_SEED_STANDARD,historical-canon,sealed/immutable,Original seed/canon/SSOT/specification/source/evidence; authoritative for its recorded scope and time; never rewrite in place.
reference/canon/XtraType_Canon_v1.0_candidate/evidence/legacy-reports/03_XtraType_Concise_Summary.md,PERPETUAL_LEGACY_SEED_STANDARD,historical-canon,sealed/immutable,Original seed/canon/SSOT/specification/source/evidence; authoritative for its recorded scope and time; never rewrite in place.
reference/canon/XtraType_Canon_v1.0_candidate/evidence/source-manifest.json,PERPETUAL_LEGACY_SEED_STANDARD,historical-canon,sealed/immutable,Original seed/canon/SSOT/specification/source/evidence; authoritative for its recorded scope and time; never rewrite in place.
reference/canon/XtraType_Canon_v1.0_candidate/evidence/symbols.json,PERPETUAL_LEGACY_SEED_STANDARD,historical-canon,sealed/immutable,Original seed/canon/SSOT/specification/source/evidence; authoritative for its recorded scope and time; never rewrite in place.
reference/canon/XtraType_Canon_v1.0_candidate/evidence/verification.json,PERPETUAL_LEGACY_SEED_STANDARD,historical-canon,sealed/immutable,Original seed/canon/SSOT/specification/source/evidence; authoritative for its recorded scope and time; never rewrite in place.
reference/legacy/XtraType_PortaShape_Expert_Session_Boot_Prompt_v1.md,PERPETUAL_LEGACY_SEED_STANDARD,legacy-reference,sealed/immutable,Original seed/canon/SSOT/specification/source/evidence; authoritative for its recorded scope and time; never rewrite in place.
reference/source-snapshot/XtraType-2.4.0/README.original.md,PERPETUAL_LEGACY_SEED_STANDARD,source-provenance,sealed/immutable,Original seed/canon/SSOT/specification/source/evidence; authoritative for its recorded scope and time; never rewrite in place.
reference/source-snapshot/XtraType-2.4.0/SHA256SUMS.original.txt,PERPETUAL_LEGACY_SEED_STANDARD,source-provenance,sealed/immutable,Original seed/canon/SSOT/specification/source/evidence; authoritative for its recorded scope and time; never rewrite in place.
reference/specs/V001_SPECIFICATION_HANDOFF_AND_PERPETUAL_LEGACY_STATUS.md,V001_FORWARD,v001-reference-handoff,forward/change-controlled,Current v.001-and-later routing/status/governance artifact; may be superseded only by an explicit successor while retained as history.
reference/specs/XtraType_PortaShape_Companion_v0.1/00_READ_ME_AND_AUTHORITY.md,PERPETUAL_LEGACY_SEED_STANDARD,target-specification,sealed/immutable,Original seed/canon/SSOT/specification/source/evidence; authoritative for its recorded scope and time; never rewrite in place.
reference/specs/XtraType_PortaShape_Companion_v0.1/01_PORTASHAPE_SERVICE_ARCHITECTURE.md,PERPETUAL_LEGACY_SEED_STANDARD,target-specification,sealed/immutable,Original seed/canon/SSOT/specification/source/evidence; authoritative for its recorded scope and time; never rewrite in place.
reference/specs/XtraType_PortaShape_Companion_v0.1/02_PLUGIN_PACKAGE_LIFECYCLE.md,PERPETUAL_LEGACY_SEED_STANDARD,target-specification,sealed/immutable,Original seed/canon/SSOT/specification/source/evidence; authoritative for its recorded scope and time; never rewrite in place.
reference/specs/XtraType_PortaShape_Companion_v0.1/03_SHARED_CONTRACTS_AND_OPERATIONS.md,PERPETUAL_LEGACY_SEED_STANDARD,target-specification,sealed/immutable,Original seed/canon/SSOT/specification/source/evidence; authoritative for its recorded scope and time; never rewrite in place.
reference/specs/XtraType_PortaShape_Companion_v0.1/04_XTRATYPE_CLIENT_INTEGRATION.md,PERPETUAL_LEGACY_SEED_STANDARD,target-specification,sealed/immutable,Original seed/canon/SSOT/specification/source/evidence; authoritative for its recorded scope and time; never rewrite in place.
reference/specs/XtraType_PortaShape_Companion_v0.1/05_SCRIPT_STUDIO_PLUGIN.md,PERPETUAL_LEGACY_SEED_STANDARD,target-specification,sealed/immutable,Original seed/canon/SSOT/specification/source/evidence; authoritative for its recorded scope and time; never rewrite in place.
reference/specs/XtraType_PortaShape_Companion_v0.1/06_STAY_DRY_PLUGIN.md,PERPETUAL_LEGACY_SEED_STANDARD,target-specification,sealed/immutable,Original seed/canon/SSOT/specification/source/evidence; authoritative for its recorded scope and time; never rewrite in place.
reference/specs/XtraType_PortaShape_Companion_v0.1/07_BRIDGES_UNIVERSAL_PUBLISHER_CORE.md,PERPETUAL_LEGACY_SEED_STANDARD,target-specification,sealed/immutable,Original seed/canon/SSOT/specification/source/evidence; authoritative for its recorded scope and time; never rewrite in place.
reference/specs/XtraType_PortaShape_Companion_v0.1/08_EXTERNAL_PLATFORM_PLUGIN_STANDARD.md,PERPETUAL_LEGACY_SEED_STANDARD,target-specification,sealed/immutable,Original seed/canon/SSOT/specification/source/evidence; authoritative for its recorded scope and time; never rewrite in place.
reference/specs/XtraType_PortaShape_Companion_v0.1/09_WEB_MOBILE_SURFACES.md,PERPETUAL_LEGACY_SEED_STANDARD,target-specification,sealed/immutable,Original seed/canon/SSOT/specification/source/evidence; authoritative for its recorded scope and time; never rewrite in place.
reference/specs/XtraType_PortaShape_Companion_v0.1/10_LOCAL_DATA_AND_DEFERRED_SERVICES.md,PERPETUAL_LEGACY_SEED_STANDARD,target-specification,sealed/immutable,Original seed/canon/SSOT/specification/source/evidence; authoritative for its recorded scope and time; never rewrite in place.
reference/specs/XtraType_PortaShape_Companion_v0.1/11_VERIFICATION_AND_IMPLEMENTATION_SEQUENCE.md,PERPETUAL_LEGACY_SEED_STANDARD,target-specification,sealed/immutable,Original seed/canon/SSOT/specification/source/evidence; authoritative for its recorded scope and time; never rewrite in place.
reference/specs/XtraType_PortaShape_Companion_v0.1/12_GLOSSARY_REGISTRY_AND_CHANGE_CONTROL.md,PERPETUAL_LEGACY_SEED_STANDARD,target-specification,sealed/immutable,Original seed/canon/SSOT/specification/source/evidence; authoritative for its recorded scope and time; never rewrite in place.
reference/specs/XtraType_PortaShape_Companion_v0.1/13_SOURCE_TRACEABILITY_AND_DECISIONS.md,PERPETUAL_LEGACY_SEED_STANDARD,target-specification,sealed/immutable,Original seed/canon/SSOT/specification/source/evidence; authoritative for its recorded scope and time; never rewrite in place.
reference/specs/XtraType_PortaShape_Companion_v0.1/14_STRUCTURAL_CONTRACT_REFERENCE.md,PERPETUAL_LEGACY_SEED_STANDARD,target-specification,sealed/immutable,Original seed/canon/SSOT/specification/source/evidence; authoritative for its recorded scope and time; never rewrite in place.
reference/specs/XtraType_PortaShape_Companion_v0.1/PortaShape_Relational_Registry_v0.1.xlsx,PERPETUAL_LEGACY_SEED_STANDARD,target-specification,sealed/immutable,Original seed/canon/SSOT/specification/source/evidence; authoritative for its recorded scope and time; never rewrite in place.
reference/specs/XtraType_PortaShape_Companion_v0.1/READING_EDITION.md,PERPETUAL_LEGACY_SEED_STANDARD,target-specification,sealed/immutable,Original seed/canon/SSOT/specification/source/evidence; authoritative for its recorded scope and time; never rewrite in place.
reference/specs/XtraType_PortaShape_Companion_v0.1/READ_ME.md,PERPETUAL_LEGACY_SEED_STANDARD,target-specification,sealed/immutable,Original seed/canon/SSOT/specification/source/evidence; authoritative for its recorded scope and time; never rewrite in place.
reference/specs/XtraType_PortaShape_Companion_v0.1/contracts/anchor-bundle.schema.json,PERPETUAL_LEGACY_SEED_STANDARD,target-specification,sealed/immutable,Original seed/canon/SSOT/specification/source/evidence; authoritative for its recorded scope and time; never rewrite in place.
reference/specs/XtraType_PortaShape_Companion_v0.1/contracts/annotation-extension.schema.json,PERPETUAL_LEGACY_SEED_STANDARD,target-specification,sealed/immutable,Original seed/canon/SSOT/specification/source/evidence; authoritative for its recorded scope and time; never rewrite in place.
reference/specs/XtraType_PortaShape_Companion_v0.1/contracts/browser-context.schema.json,PERPETUAL_LEGACY_SEED_STANDARD,target-specification,sealed/immutable,Original seed/canon/SSOT/specification/source/evidence; authoritative for its recorded scope and time; never rewrite in place.
reference/specs/XtraType_PortaShape_Companion_v0.1/contracts/common.schema.json,PERPETUAL_LEGACY_SEED_STANDARD,target-specification,sealed/immutable,Original seed/canon/SSOT/specification/source/evidence; authoritative for its recorded scope and time; never rewrite in place.
reference/specs/XtraType_PortaShape_Companion_v0.1/contracts/connector-descriptor.schema.json,PERPETUAL_LEGACY_SEED_STANDARD,target-specification,sealed/immutable,Original seed/canon/SSOT/specification/source/evidence; authoritative for its recorded scope and time; never rewrite in place.
reference/specs/XtraType_PortaShape_Companion_v0.1/contracts/conversation.schema.json,PERPETUAL_LEGACY_SEED_STANDARD,target-specification,sealed/immutable,Original seed/canon/SSOT/specification/source/evidence; authoritative for its recorded scope and time; never rewrite in place.
reference/specs/XtraType_PortaShape_Companion_v0.1/contracts/credential-reference.schema.json,PERPETUAL_LEGACY_SEED_STANDARD,target-specification,sealed/immutable,Original seed/canon/SSOT/specification/source/evidence; authoritative for its recorded scope and time; never rewrite in place.
reference/specs/XtraType_PortaShape_Companion_v0.1/contracts/destination.schema.json,PERPETUAL_LEGACY_SEED_STANDARD,target-specification,sealed/immutable,Original seed/canon/SSOT/specification/source/evidence; authoritative for its recorded scope and time; never rewrite in place.
reference/specs/XtraType_PortaShape_Companion_v0.1/contracts/event.schema.json,PERPETUAL_LEGACY_SEED_STANDARD,target-specification,sealed/immutable,Original seed/canon/SSOT/specification/source/evidence; authoritative for its recorded scope and time; never rewrite in place.
reference/specs/XtraType_PortaShape_Companion_v0.1/contracts/fidelity.schema.json,PERPETUAL_LEGACY_SEED_STANDARD,target-specification,sealed/immutable,Original seed/canon/SSOT/specification/source/evidence; authoritative for its recorded scope and time; never rewrite in place.
reference/specs/XtraType_PortaShape_Companion_v0.1/contracts/grant.schema.json,PERPETUAL_LEGACY_SEED_STANDARD,target-specification,sealed/immutable,Original seed/canon/SSOT/specification/source/evidence; authoritative for its recorded scope and time; never rewrite in place.
reference/specs/XtraType_PortaShape_Companion_v0.1/contracts/handle.schema.json,PERPETUAL_LEGACY_SEED_STANDARD,target-specification,sealed/immutable,Original seed/canon/SSOT/specification/source/evidence; authoritative for its recorded scope and time; never rewrite in place.
reference/specs/XtraType_PortaShape_Companion_v0.1/contracts/installation.schema.json,PERPETUAL_LEGACY_SEED_STANDARD,target-specification,sealed/immutable,Original seed/canon/SSOT/specification/source/evidence; authoritative for its recorded scope and time; never rewrite in place.
reference/specs/XtraType_PortaShape_Companion_v0.1/contracts/invocation.schema.json,PERPETUAL_LEGACY_SEED_STANDARD,target-specification,sealed/immutable,Original seed/canon/SSOT/specification/source/evidence; authoritative for its recorded scope and time; never rewrite in place.
reference/specs/XtraType_PortaShape_Companion_v0.1/contracts/message.schema.json,PERPETUAL_LEGACY_SEED_STANDARD,target-specification,sealed/immutable,Original seed/canon/SSOT/specification/source/evidence; authoritative for its recorded scope and time; never rewrite in place.
reference/specs/XtraType_PortaShape_Companion_v0.1/contracts/object.schema.json,PERPETUAL_LEGACY_SEED_STANDARD,target-specification,sealed/immutable,Original seed/canon/SSOT/specification/source/evidence; authoritative for its recorded scope and time; never rewrite in place.
reference/specs/XtraType_PortaShape_Companion_v0.1/contracts/operation-payloads.schema.json,PERPETUAL_LEGACY_SEED_STANDARD,target-specification,sealed/immutable,Original seed/canon/SSOT/specification/source/evidence; authoritative for its recorded scope and time; never rewrite in place.
reference/specs/XtraType_PortaShape_Companion_v0.1/contracts/pattern.schema.json,PERPETUAL_LEGACY_SEED_STANDARD,target-specification,sealed/immutable,Original seed/canon/SSOT/specification/source/evidence; authoritative for its recorded scope and time; never rewrite in place.
reference/specs/XtraType_PortaShape_Companion_v0.1/contracts/plugin-manifest.schema.json,PERPETUAL_LEGACY_SEED_STANDARD,target-specification,sealed/immutable,Original seed/canon/SSOT/specification/source/evidence; authoritative for its recorded scope and time; never rewrite in place.
reference/specs/XtraType_PortaShape_Companion_v0.1/contracts/provenance.schema.json,PERPETUAL_LEGACY_SEED_STANDARD,target-specification,sealed/immutable,Original seed/canon/SSOT/specification/source/evidence; authoritative for its recorded scope and time; never rewrite in place.
reference/specs/XtraType_PortaShape_Companion_v0.1/contracts/publication.schema.json,PERPETUAL_LEGACY_SEED_STANDARD,target-specification,sealed/immutable,Original seed/canon/SSOT/specification/source/evidence; authoritative for its recorded scope and time; never rewrite in place.
reference/specs/XtraType_PortaShape_Companion_v0.1/contracts/publish-plan.schema.json,PERPETUAL_LEGACY_SEED_STANDARD,target-specification,sealed/immutable,Original seed/canon/SSOT/specification/source/evidence; authoritative for its recorded scope and time; never rewrite in place.
reference/specs/XtraType_PortaShape_Companion_v0.1/contracts/receipt.schema.json,PERPETUAL_LEGACY_SEED_STANDARD,target-specification,sealed/immutable,Original seed/canon/SSOT/specification/source/evidence; authoritative for its recorded scope and time; never rewrite in place.
reference/specs/XtraType_PortaShape_Companion_v0.1/contracts/relationship.schema.json,PERPETUAL_LEGACY_SEED_STANDARD,target-specification,sealed/immutable,Original seed/canon/SSOT/specification/source/evidence; authoritative for its recorded scope and time; never rewrite in place.
reference/specs/XtraType_PortaShape_Companion_v0.1/contracts/replica-set.schema.json,PERPETUAL_LEGACY_SEED_STANDARD,target-specification,sealed/immutable,Original seed/canon/SSOT/specification/source/evidence; authoritative for its recorded scope and time; never rewrite in place.
reference/specs/XtraType_PortaShape_Companion_v0.1/contracts/representation.schema.json,PERPETUAL_LEGACY_SEED_STANDARD,target-specification,sealed/immutable,Original seed/canon/SSOT/specification/source/evidence; authoritative for its recorded scope and time; never rewrite in place.
reference/specs/XtraType_PortaShape_Companion_v0.1/contracts/routine-run.schema.json,PERPETUAL_LEGACY_SEED_STANDARD,target-specification,sealed/immutable,Original seed/canon/SSOT/specification/source/evidence; authoritative for its recorded scope and time; never rewrite in place.
reference/specs/XtraType_PortaShape_Companion_v0.1/contracts/routine.schema.json,PERPETUAL_LEGACY_SEED_STANDARD,target-specification,sealed/immutable,Original seed/canon/SSOT/specification/source/evidence; authoritative for its recorded scope and time; never rewrite in place.
reference/specs/XtraType_PortaShape_Companion_v0.1/contracts/script-definition.schema.json,PERPETUAL_LEGACY_SEED_STANDARD,target-specification,sealed/immutable,Original seed/canon/SSOT/specification/source/evidence; authoritative for its recorded scope and time; never rewrite in place.
reference/specs/XtraType_PortaShape_Companion_v0.1/contracts/script-revision.schema.json,PERPETUAL_LEGACY_SEED_STANDARD,target-specification,sealed/immutable,Original seed/canon/SSOT/specification/source/evidence; authoritative for its recorded scope and time; never rewrite in place.
reference/specs/XtraType_PortaShape_Companion_v0.1/contracts/text-template.schema.json,PERPETUAL_LEGACY_SEED_STANDARD,target-specification,sealed/immutable,Original seed/canon/SSOT/specification/source/evidence; authoritative for its recorded scope and time; never rewrite in place.
reference/specs/XtraType_PortaShape_Companion_v0.1/examples/anchor-bundle.json,PERPETUAL_LEGACY_SEED_STANDARD,target-specification,sealed/immutable,Original seed/canon/SSOT/specification/source/evidence; authoritative for its recorded scope and time; never rewrite in place.
reference/specs/XtraType_PortaShape_Companion_v0.1/examples/annotation-extension.json,PERPETUAL_LEGACY_SEED_STANDARD,target-specification,sealed/immutable,Original seed/canon/SSOT/specification/source/evidence; authoritative for its recorded scope and time; never rewrite in place.
reference/specs/XtraType_PortaShape_Companion_v0.1/examples/browser-context.json,PERPETUAL_LEGACY_SEED_STANDARD,target-specification,sealed/immutable,Original seed/canon/SSOT/specification/source/evidence; authoritative for its recorded scope and time; never rewrite in place.
reference/specs/XtraType_PortaShape_Companion_v0.1/examples/connector-descriptor.json,PERPETUAL_LEGACY_SEED_STANDARD,target-specification,sealed/immutable,Original seed/canon/SSOT/specification/source/evidence; authoritative for its recorded scope and time; never rewrite in place.
reference/specs/XtraType_PortaShape_Companion_v0.1/examples/conversation.json,PERPETUAL_LEGACY_SEED_STANDARD,target-specification,sealed/immutable,Original seed/canon/SSOT/specification/source/evidence; authoritative for its recorded scope and time; never rewrite in place.
reference/specs/XtraType_PortaShape_Companion_v0.1/examples/credential-reference.json,PERPETUAL_LEGACY_SEED_STANDARD,target-specification,sealed/immutable,Original seed/canon/SSOT/specification/source/evidence; authoritative for its recorded scope and time; never rewrite in place.
reference/specs/XtraType_PortaShape_Companion_v0.1/examples/destination.json,PERPETUAL_LEGACY_SEED_STANDARD,target-specification,sealed/immutable,Original seed/canon/SSOT/specification/source/evidence; authoritative for its recorded scope and time; never rewrite in place.
reference/specs/XtraType_PortaShape_Companion_v0.1/examples/event.json,PERPETUAL_LEGACY_SEED_STANDARD,target-specification,sealed/immutable,Original seed/canon/SSOT/specification/source/evidence; authoritative for its recorded scope and time; never rewrite in place.
reference/specs/XtraType_PortaShape_Companion_v0.1/examples/fidelity.json,PERPETUAL_LEGACY_SEED_STANDARD,target-specification,sealed/immutable,Original seed/canon/SSOT/specification/source/evidence; authoritative for its recorded scope and time; never rewrite in place.
reference/specs/XtraType_PortaShape_Companion_v0.1/examples/grant.json,PERPETUAL_LEGACY_SEED_STANDARD,target-specification,sealed/immutable,Original seed/canon/SSOT/specification/source/evidence; authoritative for its recorded scope and time; never rewrite in place.
reference/specs/XtraType_PortaShape_Companion_v0.1/examples/handle.json,PERPETUAL_LEGACY_SEED_STANDARD,target-specification,sealed/immutable,Original seed/canon/SSOT/specification/source/evidence; authoritative for its recorded scope and time; never rewrite in place.
reference/specs/XtraType_PortaShape_Companion_v0.1/examples/installation.json,PERPETUAL_LEGACY_SEED_STANDARD,target-specification,sealed/immutable,Original seed/canon/SSOT/specification/source/evidence; authoritative for its recorded scope and time; never rewrite in place.
reference/specs/XtraType_PortaShape_Companion_v0.1/examples/invocation.json,PERPETUAL_LEGACY_SEED_STANDARD,target-specification,sealed/immutable,Original seed/canon/SSOT/specification/source/evidence; authoritative for its recorded scope and time; never rewrite in place.
reference/specs/XtraType_PortaShape_Companion_v0.1/examples/message.json,PERPETUAL_LEGACY_SEED_STANDARD,target-specification,sealed/immutable,Original seed/canon/SSOT/specification/source/evidence; authoritative for its recorded scope and time; never rewrite in place.
reference/specs/XtraType_PortaShape_Companion_v0.1/examples/object.json,PERPETUAL_LEGACY_SEED_STANDARD,target-specification,sealed/immutable,Original seed/canon/SSOT/specification/source/evidence; authoritative for its recorded scope and time; never rewrite in place.
reference/specs/XtraType_PortaShape_Companion_v0.1/examples/pattern.json,PERPETUAL_LEGACY_SEED_STANDARD,target-specification,sealed/immutable,Original seed/canon/SSOT/specification/source/evidence; authoritative for its recorded scope and time; never rewrite in place.
reference/specs/XtraType_PortaShape_Companion_v0.1/examples/plugin-manifest.json,PERPETUAL_LEGACY_SEED_STANDARD,target-specification,sealed/immutable,Original seed/canon/SSOT/specification/source/evidence; authoritative for its recorded scope and time; never rewrite in place.
reference/specs/XtraType_PortaShape_Companion_v0.1/examples/provenance.json,PERPETUAL_LEGACY_SEED_STANDARD,target-specification,sealed/immutable,Original seed/canon/SSOT/specification/source/evidence; authoritative for its recorded scope and time; never rewrite in place.
reference/specs/XtraType_PortaShape_Companion_v0.1/examples/publication.json,PERPETUAL_LEGACY_SEED_STANDARD,target-specification,sealed/immutable,Original seed/canon/SSOT/specification/source/evidence; authoritative for its recorded scope and time; never rewrite in place.
reference/specs/XtraType_PortaShape_Companion_v0.1/examples/publish-plan.json,PERPETUAL_LEGACY_SEED_STANDARD,target-specification,sealed/immutable,Original seed/canon/SSOT/specification/source/evidence; authoritative for its recorded scope and time; never rewrite in place.
reference/specs/XtraType_PortaShape_Companion_v0.1/examples/receipt.json,PERPETUAL_LEGACY_SEED_STANDARD,target-specification,sealed/immutable,Original seed/canon/SSOT/specification/source/evidence; authoritative for its recorded scope and time; never rewrite in place.
reference/specs/XtraType_PortaShape_Companion_v0.1/examples/relationship.json,PERPETUAL_LEGACY_SEED_STANDARD,target-specification,sealed/immutable,Original seed/canon/SSOT/specification/source/evidence; authoritative for its recorded scope and time; never rewrite in place.
reference/specs/XtraType_PortaShape_Companion_v0.1/examples/replica-set.json,PERPETUAL_LEGACY_SEED_STANDARD,target-specification,sealed/immutable,Original seed/canon/SSOT/specification/source/evidence; authoritative for its recorded scope and time; never rewrite in place.
reference/specs/XtraType_PortaShape_Companion_v0.1/examples/representation.json,PERPETUAL_LEGACY_SEED_STANDARD,target-specification,sealed/immutable,Original seed/canon/SSOT/specification/source/evidence; authoritative for its recorded scope and time; never rewrite in place.
reference/specs/XtraType_PortaShape_Companion_v0.1/examples/routine-run.json,PERPETUAL_LEGACY_SEED_STANDARD,target-specification,sealed/immutable,Original seed/canon/SSOT/specification/source/evidence; authoritative for its recorded scope and time; never rewrite in place.
reference/specs/XtraType_PortaShape_Companion_v0.1/examples/routine.json,PERPETUAL_LEGACY_SEED_STANDARD,target-specification,sealed/immutable,Original seed/canon/SSOT/specification/source/evidence; authoritative for its recorded scope and time; never rewrite in place.
reference/specs/XtraType_PortaShape_Companion_v0.1/examples/script-definition.json,PERPETUAL_LEGACY_SEED_STANDARD,target-specification,sealed/immutable,Original seed/canon/SSOT/specification/source/evidence; authoritative for its recorded scope and time; never rewrite in place.
reference/specs/XtraType_PortaShape_Companion_v0.1/examples/script-revision.json,PERPETUAL_LEGACY_SEED_STANDARD,target-specification,sealed/immutable,Original seed/canon/SSOT/specification/source/evidence; authoritative for its recorded scope and time; never rewrite in place.
reference/specs/XtraType_PortaShape_Companion_v0.1/examples/text-template.json,PERPETUAL_LEGACY_SEED_STANDARD,target-specification,sealed/immutable,Original seed/canon/SSOT/specification/source/evidence; authoritative for its recorded scope and time; never rewrite in place.
reference/specs/XtraType_PortaShape_Companion_v0.1/package-manifest.json,PERPETUAL_LEGACY_SEED_STANDARD,target-specification,sealed/immutable,Original seed/canon/SSOT/specification/source/evidence; authoritative for its recorded scope and time; never rewrite in place.
reference/specs/XtraType_PortaShape_Companion_v0.1/registry/REGISTRY_INDEX.md,PERPETUAL_LEGACY_SEED_STANDARD,target-specification,sealed/immutable,Original seed/canon/SSOT/specification/source/evidence; authoritative for its recorded scope and time; never rewrite in place.
reference/specs/XtraType_PortaShape_Companion_v0.1/registry/acceptance.csv,PERPETUAL_LEGACY_SEED_STANDARD,target-specification,sealed/immutable,Original seed/canon/SSOT/specification/source/evidence; authoritative for its recorded scope and time; never rewrite in place.
reference/specs/XtraType_PortaShape_Companion_v0.1/registry/components.csv,PERPETUAL_LEGACY_SEED_STANDARD,target-specification,sealed/immutable,Original seed/canon/SSOT/specification/source/evidence; authoritative for its recorded scope and time; never rewrite in place.
reference/specs/XtraType_PortaShape_Companion_v0.1/registry/contracts.csv,PERPETUAL_LEGACY_SEED_STANDARD,target-specification,sealed/immutable,Original seed/canon/SSOT/specification/source/evidence; authoritative for its recorded scope and time; never rewrite in place.
reference/specs/XtraType_PortaShape_Companion_v0.1/registry/decisions.csv,PERPETUAL_LEGACY_SEED_STANDARD,target-specification,sealed/immutable,Original seed/canon/SSOT/specification/source/evidence; authoritative for its recorded scope and time; never rewrite in place.
reference/specs/XtraType_PortaShape_Companion_v0.1/registry/interactions.csv,PERPETUAL_LEGACY_SEED_STANDARD,target-specification,sealed/immutable,Original seed/canon/SSOT/specification/source/evidence; authoritative for its recorded scope and time; never rewrite in place.
reference/specs/XtraType_PortaShape_Companion_v0.1/registry/modules.csv,PERPETUAL_LEGACY_SEED_STANDARD,target-specification,sealed/immutable,Original seed/canon/SSOT/specification/source/evidence; authoritative for its recorded scope and time; never rewrite in place.
reference/specs/XtraType_PortaShape_Companion_v0.1/registry/operation-contracts.json,PERPETUAL_LEGACY_SEED_STANDARD,target-specification,sealed/immutable,Original seed/canon/SSOT/specification/source/evidence; authoritative for its recorded scope and time; never rewrite in place.
reference/specs/XtraType_PortaShape_Companion_v0.1/registry/operations.csv,PERPETUAL_LEGACY_SEED_STANDARD,target-specification,sealed/immutable,Original seed/canon/SSOT/specification/source/evidence; authoritative for its recorded scope and time; never rewrite in place.
reference/specs/XtraType_PortaShape_Companion_v0.1/registry/permissions.csv,PERPETUAL_LEGACY_SEED_STANDARD,target-specification,sealed/immutable,Original seed/canon/SSOT/specification/source/evidence; authoritative for its recorded scope and time; never rewrite in place.
reference/specs/XtraType_PortaShape_Companion_v0.1/registry/registry.json,PERPETUAL_LEGACY_SEED_STANDARD,target-specification,sealed/immutable,Original seed/canon/SSOT/specification/source/evidence; authoritative for its recorded scope and time; never rewrite in place.
reference/specs/XtraType_PortaShape_Companion_v0.1/registry/source-fingerprints.json,PERPETUAL_LEGACY_SEED_STANDARD,target-specification,sealed/immutable,Original seed/canon/SSOT/specification/source/evidence; authoritative for its recorded scope and time; never rewrite in place.
reference/specs/XtraType_PortaShape_Companion_v0.1/registry/stages.csv,PERPETUAL_LEGACY_SEED_STANDARD,target-specification,sealed/immutable,Original seed/canon/SSOT/specification/source/evidence; authoritative for its recorded scope and time; never rewrite in place.
reference/specs/XtraType_PortaShape_Companion_v0.1/registry/surfaces.csv,PERPETUAL_LEGACY_SEED_STANDARD,target-specification,sealed/immutable,Original seed/canon/SSOT/specification/source/evidence; authoritative for its recorded scope and time; never rewrite in place.
reference/specs/XtraType_PortaShape_Companion_v0.1/registry/traceability.csv,PERPETUAL_LEGACY_SEED_STANDARD,target-specification,sealed/immutable,Original seed/canon/SSOT/specification/source/evidence; authoritative for its recorded scope and time; never rewrite in place.
reference/specs/XtraType_PortaShape_Companion_v0.1/registry/validation.json,PERPETUAL_LEGACY_SEED_STANDARD,target-specification,sealed/immutable,Original seed/canon/SSOT/specification/source/evidence; authoritative for its recorded scope and time; never rewrite in place.
reference/specs/XtraType_PortaShape_Companion_v0.1/registry/workbook-verification.json,PERPETUAL_LEGACY_SEED_STANDARD,target-specification,sealed/immutable,Original seed/canon/SSOT/specification/source/evidence; authoritative for its recorded scope and time; never rewrite in place.
release-manifest.json,PERPETUAL_LEGACY_SEED_STANDARD,predecessor-artifact,sealed/immutable,Original seed/canon/SSOT/specification/source/evidence; authoritative for its recorded scope and time; never rewrite in place.
reports/XtraType_PortaShape_Coherency_Report_2026-10-01.md,PERPETUAL_LEGACY_SEED_STANDARD,reconciliation-report,sealed/immutable,Original seed/canon/SSOT/specification/source/evidence; authoritative for its recorded scope and time; never rewrite in place.
scripts/sync-shared.mjs,PERPETUAL_LEGACY_SEED_STANDARD,implementation-source,sealed/immutable,Original seed/canon/SSOT/specification/source/evidence; authoritative for its recorded scope and time; never rewrite in place.
server/.htaccess,PERPETUAL_LEGACY_SEED_STANDARD,implementation-source,sealed/immutable,Original seed/canon/SSOT/specification/source/evidence; authoritative for its recorded scope and time; never rewrite in place.
server/api/admin.php,PERPETUAL_LEGACY_SEED_STANDARD,implementation-source,sealed/immutable,Original seed/canon/SSOT/specification/source/evidence; authoritative for its recorded scope and time; never rewrite in place.
server/api/annotations.php,PERPETUAL_LEGACY_SEED_STANDARD,implementation-source,sealed/immutable,Original seed/canon/SSOT/specification/source/evidence; authoritative for its recorded scope and time; never rewrite in place.
server/api/auth.php,PERPETUAL_LEGACY_SEED_STANDARD,implementation-source,sealed/immutable,Original seed/canon/SSOT/specification/source/evidence; authoritative for its recorded scope and time; never rewrite in place.
server/api/bootstrap.php,PERPETUAL_LEGACY_SEED_STANDARD,implementation-source,sealed/immutable,Original seed/canon/SSOT/specification/source/evidence; authoritative for its recorded scope and time; never rewrite in place.
server/api/contacts.php,PERPETUAL_LEGACY_SEED_STANDARD,implementation-source,sealed/immutable,Original seed/canon/SSOT/specification/source/evidence; authoritative for its recorded scope and time; never rewrite in place.
server/api/events.php,PERPETUAL_LEGACY_SEED_STANDARD,implementation-source,sealed/immutable,Original seed/canon/SSOT/specification/source/evidence; authoritative for its recorded scope and time; never rewrite in place.
server/api/group-chats.php,PERPETUAL_LEGACY_SEED_STANDARD,implementation-source,sealed/immutable,Original seed/canon/SSOT/specification/source/evidence; authoritative for its recorded scope and time; never rewrite in place.
server/api/health.php,PERPETUAL_LEGACY_SEED_STANDARD,implementation-source,sealed/immutable,Original seed/canon/SSOT/specification/source/evidence; authoritative for its recorded scope and time; never rewrite in place.
server/api/invites.php,PERPETUAL_LEGACY_SEED_STANDARD,implementation-source,sealed/immutable,Original seed/canon/SSOT/specification/source/evidence; authoritative for its recorded scope and time; never rewrite in place.
server/api/messages.php,PERPETUAL_LEGACY_SEED_STANDARD,implementation-source,sealed/immutable,Original seed/canon/SSOT/specification/source/evidence; authoritative for its recorded scope and time; never rewrite in place.
server/api/schemas.php,PERPETUAL_LEGACY_SEED_STANDARD,implementation-source,sealed/immutable,Original seed/canon/SSOT/specification/source/evidence; authoritative for its recorded scope and time; never rewrite in place.
server/api/snapshots.php,PERPETUAL_LEGACY_SEED_STANDARD,implementation-source,sealed/immutable,Original seed/canon/SSOT/specification/source/evidence; authoritative for its recorded scope and time; never rewrite in place.
server/assets/app.js,PERPETUAL_LEGACY_SEED_STANDARD,implementation-source,sealed/immutable,Original seed/canon/SSOT/specification/source/evidence; authoritative for its recorded scope and time; never rewrite in place.
server/assets/core/anchors.js,PERPETUAL_LEGACY_SEED_STANDARD,implementation-source,sealed/immutable,Original seed/canon/SSOT/specification/source/evidence; authoritative for its recorded scope and time; never rewrite in place.
server/assets/core/schemas.js,PERPETUAL_LEGACY_SEED_STANDARD,implementation-source,sealed/immutable,Original seed/canon/SSOT/specification/source/evidence; authoritative for its recorded scope and time; never rewrite in place.
server/assets/style.css,PERPETUAL_LEGACY_SEED_STANDARD,implementation-source,sealed/immutable,Original seed/canon/SSOT/specification/source/evidence; authoritative for its recorded scope and time; never rewrite in place.
server/config.php,PERPETUAL_LEGACY_SEED_STANDARD,implementation-source,sealed/immutable,Original seed/canon/SSOT/specification/source/evidence; authoritative for its recorded scope and time; never rewrite in place.
server/index.php,PERPETUAL_LEGACY_SEED_STANDARD,implementation-source,sealed/immutable,Original seed/canon/SSOT/specification/source/evidence; authoritative for its recorded scope and time; never rewrite in place.
server/media.php,PERPETUAL_LEGACY_SEED_STANDARD,implementation-source,sealed/immutable,Original seed/canon/SSOT/specification/source/evidence; authoritative for its recorded scope and time; never rewrite in place.
server/router.php,PERPETUAL_LEGACY_SEED_STANDARD,implementation-source,sealed/immutable,Original seed/canon/SSOT/specification/source/evidence; authoritative for its recorded scope and time; never rewrite in place.
server/schemas/example-book-anchor.schema.json,PERPETUAL_LEGACY_SEED_STANDARD,implementation-source,sealed/immutable,Original seed/canon/SSOT/specification/source/evidence; authoritative for its recorded scope and time; never rewrite in place.
server/schemas/gps-anchor.schema.json,PERPETUAL_LEGACY_SEED_STANDARD,implementation-source,sealed/immutable,Original seed/canon/SSOT/specification/source/evidence; authoritative for its recorded scope and time; never rewrite in place.
server/schemas/time-anchor.schema.json,PERPETUAL_LEGACY_SEED_STANDARD,implementation-source,sealed/immutable,Original seed/canon/SSOT/specification/source/evidence; authoritative for its recorded scope and time; never rewrite in place.
server/schemas/url-anchor.schema.json,PERPETUAL_LEGACY_SEED_STANDARD,implementation-source,sealed/immutable,Original seed/canon/SSOT/specification/source/evidence; authoritative for its recorded scope and time; never rewrite in place.
server/schemas/youtube-anchor.schema.json,PERPETUAL_LEGACY_SEED_STANDARD,implementation-source,sealed/immutable,Original seed/canon/SSOT/specification/source/evidence; authoritative for its recorded scope and time; never rewrite in place.
src/server/Auth.php,PERPETUAL_LEGACY_SEED_STANDARD,implementation-source,sealed/immutable,Original seed/canon/SSOT/specification/source/evidence; authoritative for its recorded scope and time; never rewrite in place.
src/server/Repository.php,PERPETUAL_LEGACY_SEED_STANDARD,implementation-source,sealed/immutable,Original seed/canon/SSOT/specification/source/evidence; authoritative for its recorded scope and time; never rewrite in place.
src/server/Validation.php,PERPETUAL_LEGACY_SEED_STANDARD,implementation-source,sealed/immutable,Original seed/canon/SSOT/specification/source/evidence; authoritative for its recorded scope and time; never rewrite in place.
start-server.bat,PERPETUAL_LEGACY_SEED_STANDARD,implementation-source,sealed/immutable,Original seed/canon/SSOT/specification/source/evidence; authoritative for its recorded scope and time; never rewrite in place.
start-server.sh,PERPETUAL_LEGACY_SEED_STANDARD,implementation-source,sealed/immutable,Original seed/canon/SSOT/specification/source/evidence; authoritative for its recorded scope and time; never rewrite in place.
tests/README.md,PERPETUAL_LEGACY_SEED_STANDARD,verification-test-evidence,sealed/immutable,Original seed/canon/SSOT/specification/source/evidence; authoritative for its recorded scope and time; never rewrite in place.
tests/anchors.mjs,PERPETUAL_LEGACY_SEED_STANDARD,verification-test-evidence,sealed/immutable,Original seed/canon/SSOT/specification/source/evidence; authoritative for its recorded scope and time; never rewrite in place.
tests/client-dom.test.mjs,PERPETUAL_LEGACY_SEED_STANDARD,verification-test-evidence,sealed/immutable,Original seed/canon/SSOT/specification/source/evidence; authoritative for its recorded scope and time; never rewrite in place.
tests/core.test.mjs,PERPETUAL_LEGACY_SEED_STANDARD,verification-test-evidence,sealed/immutable,Original seed/canon/SSOT/specification/source/evidence; authoritative for its recorded scope and time; never rewrite in place.
tests/http.test.mjs,PERPETUAL_LEGACY_SEED_STANDARD,verification-test-evidence,sealed/immutable,Original seed/canon/SSOT/specification/source/evidence; authoritative for its recorded scope and time; never rewrite in place.
tests/manifest-ui.test.mjs,PERPETUAL_LEGACY_SEED_STANDARD,verification-test-evidence,sealed/immutable,Original seed/canon/SSOT/specification/source/evidence; authoritative for its recorded scope and time; never rewrite in place.
tests/repository-worker.php,PERPETUAL_LEGACY_SEED_STANDARD,verification-test-evidence,sealed/immutable,Original seed/canon/SSOT/specification/source/evidence; authoritative for its recorded scope and time; never rewrite in place.
tests/repository.test.mjs,PERPETUAL_LEGACY_SEED_STANDARD,verification-test-evidence,sealed/immutable,Original seed/canon/SSOT/specification/source/evidence; authoritative for its recorded scope and time; never rewrite in place.
tests/worker.test.mjs,PERPETUAL_LEGACY_SEED_STANDARD,verification-test-evidence,sealed/immutable,Original seed/canon/SSOT/specification/source/evidence; authoritative for its recorded scope and time; never rewrite in place.
var/data/annotations.json,PERPETUAL_LEGACY_SEED_STANDARD,runtime-data-skeleton,sealed/immutable,Original seed/canon/SSOT/specification/source/evidence; authoritative for its recorded scope and time; never rewrite in place.
var/data/events.json,PERPETUAL_LEGACY_SEED_STANDARD,runtime-data-skeleton,sealed/immutable,Original seed/canon/SSOT/specification/source/evidence; authoritative for its recorded scope and time; never rewrite in place.
var/data/schemas.json,PERPETUAL_LEGACY_SEED_STANDARD,runtime-data-skeleton,sealed/immutable,Original seed/canon/SSOT/specification/source/evidence; authoritative for its recorded scope and time; never rewrite in place.
var/data/snapshots.json,PERPETUAL_LEGACY_SEED_STANDARD,runtime-data-skeleton,sealed/immutable,Original seed/canon/SSOT/specification/source/evidence; authoritative for its recorded scope and time; never rewrite in place.
var/media/.gitkeep,PERPETUAL_LEGACY_SEED_STANDARD,runtime-data-skeleton,sealed/immutable,Original seed/canon/SSOT/specification/source/evidence; authoritative for its recorded scope and time; never rewrite in place.
var/profiles/.gitkeep,PERPETUAL_LEGACY_SEED_STANDARD,runtime-data-skeleton,sealed/immutable,Original seed/canon/SSOT/specification/source/evidence; authoritative for its recorded scope and time; never rewrite in place.
