ID,Owner,Component,Responsibility,Status,Stage,Spec,Source
PS-C01,PS,Installation coordinator,Validate/install/update/disable/remove and reconcile local packages,specified,C1,01,USER; DEC-01/02
PS-C02,PS,Operation directory,Exact provider/version declarations and effective availability,specified,C1,01,USER; DEC-01/02
PS-C03,PS,Grant broker,Local revision/site/operation authority and revocation,specified,C1,01,USER; DEC-01/02
PS-C04,PS,Invocation coordinator,Bounded correlated calls and truthful effect outcomes,specified,C1,01,USER; DEC-01/02
PS-C05,PS,Local repository boundary,"Namespace transactions, migrations, quota and export",specified,C1,01,USER; DEC-01/02
PS-C06,PS,Receipt/event boundary,Causal local receipts and versioned notifications,specified,C1,01,USER; DEC-01/02
PS-C07,PS,UI contribution boundary,Packaged accessible contributions and cleanup,specified,C1,01,USER; DEC-01/02
PS-C08,PS,Client bridge,Trusted context and XtraType draft/application interfaces,specified,C1,01,USER; DEC-01/02
SS-C037,SS,Editor,JavaScript editor with syntax checking and minimal completion.,specified,C2,05,LEGACY-C037; W Components!A38:E38; D05 T015R02
SS-C038,SS,Runner,Execute against current page or typed test fixture.,specified,C2,05,LEGACY-C038; W Components!A39:E39; D05 T015R03
SS-C039,SS,Manifest Editor,"Inputs, outputs, permissions, triggers, URL matches, capability names.",specified,C2,05,LEGACY-C039; W Components!A40:E40; D05 T015R04
SS-C040,SS,Sandbox/Bridge,"Controlled, separately granted host APIs; initial userscripts have no privileged bridge",specified,C4,05,LEGACY-C040; W Components!A41:E41; D05 T015R05
SS-C041,SS,Local Library,Private scripts and versions.,specified,C2,05,LEGACY-C041; W Components!A42:E42; D05 T015R06
SS-C042,SS,Package Import/Export,"Portable JSON/shared contract bundle with code, manifest, tests, metadata.",specified,C2,05,LEGACY-C042; W Components!A43:E43; D05 T015R07
SS-C043,SS,Trigger Manager,"Manual, URL-match, event, or workflow-node invocation.",specified,C2,05,LEGACY-C043; W Components!A44:E44; D05 T015R08
SS-C044,SS,Test Harness,"Fixture inputs, mocked capabilities, expected output/side-effect assertions.",specified,C4,05,LEGACY-C044; W Components!A45:E45; D05 T015R09
SS-C045,SS,Promotion Workflow,Scratch → personal script → micro-extension → plugin/workflow component.,specified,C4,05,LEGACY-C045; W Components!A46:E46; D05 T015R10
SS-C046,SS,Diagnostics,"Console output, permission violations, execution timing, provenance link.",specified,C2,05,LEGACY-C046; W Components!A47:E47; D05 T015R11
XT-C047,XT,Target Resolver,Resolves one or more Handles to a current target.,existing-narrow,C3,04,LEGACY-C047; W Components!A48:E48; D06 T015R02
XT-C048,XT,Anchor Bundle,"Canonical URL, selected text, nearby text, DOM/path hints, attributes/fingerprints as available.",specified,C3,04,LEGACY-C048; W Components!A49:E49; D06 T015R03
XT-C049,XT,Annotation Object,"Body, author, target handles, tags, visibility, timestamps, provenance.",existing-narrow,C3,04,LEGACY-C049; W Components!A50:E50; D06 T015R04
XT-C050,XT,Context Relationship,"Related-to, corrects, warns-about, alternative-to, references, supersedes.",specified,C3,04,LEGACY-C050; W Components!A51:E51; D06 T015R05
XT-C051,XT,Overlay Renderer,Shows contextual markers/threads in the browser host/page UI.,existing-narrow,C3,04,LEGACY-C051; W Components!A52:E52; D06 T015R06
XT-C052,XT,Capture UI,"Create annotation from URL, selection, object, place/time later.",existing-narrow,C3,04,LEGACY-C052; W Components!A53:E53; D06 T015R07
XT-C053,XT,Visibility/Sharing,Local visibility intention; shared/group/public enforcement blocked by deferred identity/authorization,blocked-dependency,C3,04,LEGACY-C053; W Components!A54:E54; D06 T015R08
XT-C054,XT,Conversation Layer,Local target/annotation threads; remote participants and groups blocked by deferred services,existing-narrow,C3,04,LEGACY-C054; W Components!A55:E55; D06 T015R09
XT-C055,XT,Alternative Content,Replacement/alternate representation linked to target.,specified,C3,04,LEGACY-C055; W Components!A56:E56; D06 T015R10
XT-C056,XT,Feed/Query API,Retrieve context by handle/object/relation/visibility.,existing-narrow,C3,04,LEGACY-C056; W Components!A57:E57; D06 T015R11
DRY-C057,DRY,Observation Consent,Per-site/per-surface authorization and clear pause/disable controls.,specified,C2,06,LEGACY-C057; W Components!A58:E58; D07 T015R02
DRY-C058,DRY,Input Observer,Captures normalized repeated text/input patterns without indiscriminate collection.,specified,C2,06,LEGACY-C058; W Components!A59:E59; D07 T015R03
DRY-C059,DRY,Action Observer,Captures user-authorized browser events as typed capability invocations.,specified,C4,06,LEGACY-C059; W Components!A60:E60; D07 T015R04
DRY-C060,DRY,Pattern Detector,Clusters repeated sequences and estimates stable/variable portions.,specified,C2,06,LEGACY-C060; W Components!A61:E61; D07 T015R05
DRY-C061,DRY,Template Extractor,Converts repeated text into static or parameterized templates.,specified,C2,06,LEGACY-C061; W Components!A62:E62; D07 T015R06
DRY-C062,DRY,Routine Extractor,Converts repeated action sequences into workflow candidates.,specified,C4,06,LEGACY-C062; W Components!A63:E63; D07 T015R07
DRY-C063,DRY,Procedure Extractor,"Adds inputs, outputs, state, conditions, checkpoints, and stop criteria.",specified,C4,06,LEGACY-C063; W Components!A64:E64; D07 T015R08
DRY-C064,DRY,Suggestion UI,Explains observed pattern and asks user to save/parameterize/edit.,specified,C2,06,LEGACY-C064; W Components!A65:E65; D07 T015R09
DRY-C065,DRY,Variable/Default Manager,"Fields, defaults, selections, dynamic values, prior-output bindings.",specified,C2,06,LEGACY-C065; W Components!A66:E66; D07 T015R10
DRY-C066,DRY,Promotion Bridge,Open reviewed routine/template in Script Studio or local routine inspector without activating it,specified,C4,06,LEGACY-C066; W Components!A67:E67; D07 T015R11
EXT-C067,EXT,Connector Descriptor,"Target service/site, versions, supported capability operations, authentication modes.",specified,C3,08,LEGACY-C067; W Components!A68:E68; D08 T015R02
EXT-C068,EXT,Source Adapter,External representation → canonical shape.,existing-narrow,C3,08,LEGACY-C068; W Components!A69:E69; D08 T015R03
EXT-C069,EXT,Target Adapter,Canonical shape → external representation.,existing-narrow,C3,08,LEGACY-C069; W Components!A70:E70; D08 T015R04
PUB-C070,PUB,Canonical Shape Library,"Publication, ForumPost, SocialPost, Listing, media/link abstractions.",specified,C3,07,LEGACY-C070; W Components!A71:E71; D08 T015R05
PUB-C071,PUB,Field Mapping,Correspondence/defaults/normalization rules.,specified,C3,07,LEGACY-C071; W Components!A72:E72; D08 T015R06
PUB-C072,PUB,Fidelity Report,Preserves/approximates/drops/needs-user-input.,specified,C3,07,LEGACY-C072; W Components!A73:E73; D08 T015R07
PUB-C073,PUB,Account Binding,Destination configuration referencing a Credential Reference and defaults.,specified,C3,07,LEGACY-C073; W Components!A74:E74; D08 T015R08
PUB-C074,PUB,Publisher Composer,One compose surface for conceptual Publication.,specified,C3,07,LEGACY-C074; W Components!A75:E75; D08 T015R09
PUB-C075,PUB,Destination Selector,Select configured targets/accounts and per-target overrides if needed.,specified,C3,07,LEGACY-C075; W Components!A76:E76; D08 T015R10
PUB-C076,PUB,Preview/Validation,"Target-shaped preview, missing-required-field prompt, fidelity warnings.",specified,C3,07,LEGACY-C076; W Components!A77:E77; D08 T015R11
PUB-C077,PUB,Publish Workflow,Transform → validate → execute → capture external handle → provenance.,specified,C3,07,LEGACY-C077; W Components!A78:E78; D08 T015R12
PUB-C078,PUB,Replica Set Manager,Associates returned handles with one conceptual Publication.,specified,C3,07,LEGACY-C078; W Components!A79:E79; D08 T015R13
UI-C103,UI,Web Library,"Objects, annotations, scripts/packages, helpers, procedures, replica sets.",existing-narrow,C5,09,LEGACY-C103; W Components!A104:E104; D11 T015R02
UI-C104,UI,Workflow/Execution View,"Run status, steps, inputs, provenance, pause/resume/cancel.",specified,C5,09,LEGACY-C104; W Components!A105:E105; D11 T015R03
UI-C105,UI,Package Manager,Import/export/install/update/remove packages.,specified,C5,09,LEGACY-C105; W Components!A106:E106; D11 T015R04
UI-C106,UI,Account/Permission Center,Local permissions/session status; centralized account/device administration blocked,specified,C5,09,LEGACY-C106; W Components!A107:E107; D11 T015R05
UI-C107,UI,Annotation Feed,Context feed and object-centered views.,existing-narrow,C5,09,LEGACY-C107; W Components!A108:E108; D11 T015R06
UI-C108,UI,Publisher Web Surface,Compose canonical Publication and choose configured destinations where supported.,specified,C5,09,LEGACY-C108; W Components!A109:E109; D11 T015R07
UI-C109,UI,Responsive Mobile Web,Immediate mobile access before native app.,existing-narrow,C5,09,LEGACY-C109; W Components!A110:E110; D11 T015R08
UI-C110,UI,Native Mobile Shell,Later local share ingestion and explicit location/time capture; sync/remote notifications blocked,specified,C5,09,LEGACY-C110; W Components!A111:E111; D11 T015R09
DOC-C01,DOC,Glossary,Selected semantic vocabulary and authority,specified,C1,12,D12; USER
DOC-C02,DOC,Relational registry,Versioned engineering index updated with each change,specified,C1,12,W; USER
